Time (s),Fᵧ (N),rᵧ (m)
0.009999999776482582,-0.73655766248703,0
0.019999999552965164,-0.7348921298980713,0
0.029999999329447746,-0.7341214418411255,0
0.03999999910593033,-0.7313119173049927,0
0.05000000074505806,-0.7303781509399414,0
0.05999999865889549,-0.7303780913352966,0
0.07000000029802322,-0.7303780913352966,0
0.07999999821186066,-0.7303780913352966,0
0.09000000357627869,-0.7303848266601562,0
0.10000000149011612,-0.7322508096694946,0
0.10999999940395355,-0.7322509288787842,0
0.11999999731779099,-0.7322598099708557,0
0.12999999523162842,-0.7341236472129822,0
0.14000000059604645,-0.7341236472129822,0
0.15000000596046448,-0.7350820302963257,0
0.1599999964237213,-0.7388290762901306,0
0.17000000178813934,-0.7425760626792908,0
0.18000000715255737,-0.7472724914550781,0
0.1899999976158142,-0.7528930902481079,0.000009083665645448491
0.20000000298023224,-0.7575775980949402,0.0002095617528539151
0.20999999344348907,-0.7631824612617493,0.0004200796829536557
0.2199999988079071,-0.7678819894790649,0.0008210358791984618
0.23000000417232513,-0.772566556930542,0.0012329882010817528
0.23999999463558197,-0.7791589498519897,0.0018229482229799032
0.25,-0.7885264158248901,0.0022358563728630543
0.25999999046325684,-0.7978940606117249,0.0028372907545417547
0.27000001072883606,-0.8082177042961121,0.0034516332671046257
0.2800000011920929,-0.818501889705658,0.00425354577600956
0.28999999165534973,-0.8278694748878479,0.005069322418421507
0.30000001192092896,-0.8381955623626709,0.006071713287383318
0.3100000023841858,-0.8494597673416138,0.007074103690683842
0.3199999928474426,-0.8635581135749817,0.008076493628323078
0.33000001311302185,-0.8804197311401367,0.00909466203302145
0.3400000035762787,-0.897281289100647,0.010297530330717564
0.3499999940395355,-0.9151051640510559,0.011500397697091103
0.36000001430511475,-0.9329041838645935,0.012720477767288685
0.3700000047683716,-0.9516116976737976,0.014141513966023922
0.3799999952316284,-0.9694377183914185,0.015727171674370766
0.38999998569488525,-0.9881728291511536,0.01714916341006756
0.4000000059604645,-1.006937861442566,0.018752988427877426
0.4099999964237213,-1.0275157690048218,0.020356813445687294
0.41999998688697815,-1.0462509393692017,0.021960638463497162
0.4300000071525574,-1.065954327583313,0.02356446161866188
0.4399999976158142,-1.0865957736968994,0.025168288499116898
0.44999998807907104,-1.1080745458602905,0.026793625205755234
0.46000000834465027,-1.1288193464279175,0.02859792858362198
0.4699999988079071,-1.1540422439575195,0.030402230098843575
0.47999998927116394,-1.1775321960449219,0.032229483127593994
0.49000000953674316,-1.2027885913848877,0.034234266728162766
0.5,-1.2271442413330078,0.03623904660344124
0.5099999904632568,-1.2525123357772827,0.03824382275342941
0.5199999809265137,-1.2805761098861694,0.040248606353998184
0.5299999713897705,-1.3068448305130005,0.042253389954566956
0.5400000214576721,-1.3349474668502808,0.04428398236632347
0.550000011920929,-1.3630090951919556,0.04648924246430397
0.5600000023841858,-1.3882603645324707,0.04869450256228447
0.5699999928474426,-1.4125734567642212,0.05089975893497467
0.5799999833106995,-1.4360783100128174,0.05310501903295517
0.5899999737739563,-1.4632877111434937,0.055282071232795715
0.6000000238418579,-1.4904543161392212,0.05731553956866264
0.6100000143051147,-1.519584059715271,0.059520795941352844
0.6200000047683716,-1.5513874292373657,0.06172605976462364
0.6299999952316284,-1.5813164710998535,0.06396143138408661
0.6399999856948853,-1.6094191074371338,0.06636717170476913
0.6499999761581421,-1.6375706195831299,0.06874183565378189
0.6600000262260437,-1.666561484336853,0.07097864151000977
0.6700000166893005,-1.6946640014648438,0.07338438183069229
0.6800000071525574,-1.723753571510315,0.07575761526823044
0.6899999976158142,-1.754665732383728,0.07799585163593292
0.699999988079071,-1.7826652526855469,0.08040159940719604
0.7099999785423279,-1.80998957157135,0.08280733972787857
0.7200000286102295,-1.8417856693267822,0.0852130651473999
0.7300000190734863,-1.871761679649353,0.08761880546808243
0.7400000095367432,-1.9027845859527588,0.09002454578876495
0.75,-1.9374439716339111,0.09243028610944748
0.7599999904632568,-1.9692381620407104,0.09483601897954941
0.7699999809265137,-2.0000367164611816,0.09724175184965134
0.7799999713897705,-2.0291337966918945,0.09964749217033386
0.7900000214576721,-2.059051036834717,0.10205323249101639
0.800000011920929,-2.087153911590576,0.10445897281169891
0.8100000023841858,-2.113384246826172,0.10686470568180084
0.8199999928474426,-2.143481731414795,0.10927044600248337
0.8299999833106995,-2.17526912689209,0.11171586066484451
0.8399999737739563,-2.2062439918518066,0.11428191512823105
0.8500000238418579,-2.2371578216552734,0.11668764799833298
0.8600000143051147,-2.2689433097839355,0.1190933883190155
0.8700000047683716,-2.2979183197021484,0.12149912863969803
0.8799999952316284,-2.3270227909088135,0.12390485405921936
0.8899999856948853,-2.3570659160614014,0.12631060183048248
0.8999999761581421,-2.3898513317108154,0.1287163496017456
0.9100000262260437,-2.420696973800659,0.13112206757068634
0.9200000166893005,-2.4495997428894043,0.13352781534194946
0.9300000071525574,-2.4759678840637207,0.13588908314704895
0.9399999976158142,-2.506809711456299,0.13809433579444885
0.949999988079071,-2.5339765548706055,0.1403450220823288
0.9599999785423279,-2.5620789527893066,0.14270487427711487
0.9700000286102295,-2.5911900997161865,0.14491012692451477
0.9800000190734863,-2.619074821472168,0.14716222882270813
0.9900000095367432,-2.645524263381958,0.14956797659397125
1,-2.6755006313323975,0.15192590653896332
1.0099999904632568,-2.704465389251709,0.15413115918636322
1.0199999809265137,-2.733656406402588,0.15633642673492432
1.0299999713897705,-2.7643392086029053,0.15849243104457855
1.0399999618530273,-2.7915823459625244,0.1605469286441803
1.0499999523162842,-2.818748712539673,0.16270199418067932
1.059999942779541,-2.8467719554901123,0.16475744545459747
1.0700000524520874,-2.87198543548584,0.16696269810199738
1.0800000429153442,-2.898374319076538,0.16916796565055847
1.090000033378601,-2.925459623336792,0.1713211089372635
1.100000023841858,-2.951606512069702,0.17337848246097565
1.1100000143051147,-2.9750263690948486,0.17553067207336426
1.1200000047683716,-3.0003180503845215,0.17753545939922333
1.1299999952316284,-3.023568630218506,0.1795402467250824
1.1399999856948853,-3.045283555984497,0.18154503405094147
1.149999976158142,-3.069725751876831,0.18349482119083405
1.159999966621399,-3.0948450565338135,0.1852991133928299
1.1699999570846558,-3.1173269748687744,0.18710342049598694
1.1799999475479126,-3.139721155166626,0.18890772759914398
1.190000057220459,-3.1593048572540283,0.19065514206886292
1.2000000476837158,-3.1770143508911133,0.19225896894931793
1.2100000381469727,-3.1936044692993164,0.19386278092861176
1.2200000286102295,-3.203909397125244,0.19540829956531525
1.2300000190734863,-3.2141222953796387,0.1966940313577652
1.2400000095367432,-3.2233972549438477,0.19769641757011414
1.25,-3.230890989303589,0.19863903522491455
1.2599999904632568,-3.2382912635803223,0.19938071072101593
1.2699999809265137,-3.2428810596466064,0.1999214142560959
1.2799999713897705,-3.245500326156616,0.20032238960266113
1.2899999618530273,-3.244274854660034,0.20066167414188385
1.2999999523162842,-3.2365882396698,0.20079998672008514
1.309999942779541,-3.228255033493042,0.20067472755908966
1.3200000524520874,-3.2196273803710938,0.20021067559719086
1.3300000429153442,-3.2072513103485107,0.19948206841945648
1.340000033378601,-3.192263126373291,0.198415607213974
1.350000023841858,-3.1761372089385986,0.19708365201950073
1.3600000143051147,-3.1562628746032715,0.19547982513904572
1.3700000047683716,-3.1326398849487305,0.19374500215053558
1.3799999952316284,-3.107449769973755,0.1917402446269989
1.3899999856948853,-3.082054376602173,0.1896025538444519
1.399999976158142,-3.0546798706054688,0.18726375699043274
1.409999966621399,-3.0247035026550293,0.1849236637353897
1.4199999570846558,-2.994727373123169,0.18231745064258575
1.4299999475479126,-2.9636013507843018,0.17964287102222443
1.440000057220459,-2.929877996444702,0.17683617770671844
1.4500000476837158,-2.8961548805236816,0.17396016418933868
1.4600000381469727,-2.8623228073120117,0.17095300555229187
1.4700000286102295,-2.824633836746216,0.16794581711292267
1.4800000190734863,-2.787383556365967,0.16486789286136627
1.4900000095367432,-2.750739574432373,0.16166023910045624
1.5,-2.7132694721221924,0.1584525853395462
1.5099999904632568,-2.6768476963043213,0.15524494647979736
1.5199999809265137,-2.6399741172790527,0.15203729271888733
1.5299999713897705,-2.5988714694976807,0.1488296538591385
1.5399999618530273,-2.5574252605438232,0.14562201499938965
1.5499999523162842,-2.5143344402313232,0.14241434633731842
1.559999942779541,-2.472296714782715,0.1392066925764084
1.5700000524520874,-2.4321324825286865,0.13592396676540375
1.5800000429153442,-2.392906904220581,0.1325913965702057
1.590000033378601,-2.3554365634918213,0.12938375771045685
1.600000023841858,-2.3179662227630615,0.12617610394954681
1.6100000143051147,-2.280496120452881,0.12289147078990936
1.6200000047683716,-2.2418479919433594,0.11956080049276352
1.6299999952316284,-2.201688289642334,0.11635314673185349
1.6399999856948853,-2.162344455718994,0.11314549297094345
1.649999976158142,-2.1220650672912598,0.10993785411119461
1.659999966621399,-2.082720994949341,0.10673020035028458
1.6699999570846558,-2.044438362121582,0.10352255403995514
1.6799999475479126,-2.0069680213928223,0.1003149077296257
1.690000057220459,-1.9684354066848755,0.09710725396871567
1.7000000476837158,-1.928155541419983,0.09389960020780563
1.7100000381469727,-1.8906837701797485,0.09077370166778564
1.7200000286102295,-1.8512113094329834,0.08776653558015823
1.7300000190734863,-1.809316635131836,0.08475936204195023
1.7400000095367432,-1.7727826833724976,0.08175218850374222
1.75,-1.7351815700531006,0.07874502241611481
1.7599999904632568,-1.6970369815826416,0.0757378563284874
1.7699999809265137,-1.661440372467041,0.07273067533969879
1.7799999713897705,-1.6247743368148804,0.06980860233306885
1.7899999618530273,-1.5883740186691284,0.06700190901756287
1.7999999523162842,-1.5527774095535278,0.06419521570205688
1.809999942779541,-1.516244649887085,0.0613885261118412
1.8200000524520874,-1.4826558828353882,0.058668844401836395
1.8300000429153442,-1.447996735572815,0.05597514286637306
1.840000033378601,-1.4133374691009521,0.05316844582557678
1.850000023841858,-1.3817627429962158,0.050450198352336884
1.8600000143051147,-1.351786732673645,0.04784398525953293
1.8700000047683716,-1.3230259418487549,0.045237768441438675
1.8799999952316284,-1.2969374656677246,0.04263155534863472
1.8899999856948853,-1.2724406719207764,0.04011569544672966
1.899999976158142,-1.2474313974380493,0.03770995885133743
1.909999966621399,-1.2250921726226807,0.035486850887537
1.9199999570846558,-1.2057067155838013,0.03348207101225853
1.9299999475479126,-1.1900694370269775,0.031661830842494965
1.940000057220459,-1.1791170835494995,0.0301507581025362
1.9500000476837158,-1.170976996421814,0.028933865949511528
1.9600000381469727,-1.1656495332717896,0.028025180101394653
1.9700000286102295,-1.1648592948913574,0.027411634102463722
1.9800000190734863,-1.165007472038269,0.027105340734124184
1.9900000095367432,-1.1702840328216553,0.027000000700354576
2,-1.1808865070343018,0.027095619589090347
2.009999990463257,-1.194301962852478,0.027488287538290024
2.0199999809265137,-1.2134884595870972,0.02828286960721016
2.0299999713897705,-1.2359706163406372,0.029576413333415985
2.0399999618530273,-1.2596938610076904,0.0314728282392025
2.049999952316284,-1.2873187065124512,0.03377609699964523
2.059999942779541,-1.3191684484481812,0.036378808319568634
2.069999933242798,-1.3545998334884644,0.039284463971853256
2.0799999237060547,-1.397064208984375,0.04239107668399811
2.0899999141693115,-1.4431207180023193,0.04569864645600319
2.0999999046325684,-1.4893364906311035,0.04930756986141205
2.109999895095825,-1.5417933464050293,0.053217530250549316
2.119999885559082,-1.5925366878509521,0.057328443974256516
2.130000114440918,-1.6460903882980347,0.06164031848311424
2.140000104904175,-1.6994860172271729,0.0661531463265419
2.1500000953674316,-1.755075454711914,0.07086693495512009
2.1600000858306885,-1.814090371131897,0.07557513564825058
2.1700000762939453,-1.8709088563919067,0.08028988540172577
2.180000066757202,-1.9258925914764404,0.0852055773139
2.190000057220459,-1.988326907157898,0.09021752327680588
2.200000047683716,-2.0453052520751953,0.09512429684400558
2.2100000381469727,-2.1027770042419434,0.10004142671823502
2.2200000286102295,-2.1638314723968506,0.10515951365232468
2.2300000190734863,-2.223452091217041,0.1102653369307518
2.240000009536743,-2.2815308570861816,0.11527729034423828
2.25,-2.3407139778137207,0.12039681524038315
2.259999990463257,-2.3993923664093018,0.12560923397541046
2.2699999809265137,-2.4568729400634766,0.13071314990520477
2.2799999713897705,-2.5181024074554443,0.13561610877513885
2.2899999618530273,-2.579416513442993,0.1404275745153427
2.299999952316284,-2.638775110244751,0.14523904025554657
2.309999942779541,-2.7004282474517822,0.15005052089691162
2.319999933242798,-2.7589242458343506,0.15486198663711548
2.3299999237060547,-2.8136043548583984,0.15967345237731934
2.3399999141693115,-2.8715083599090576,0.16437307000160217
2.3499999046325684,-2.9266021251678467,0.1689840704202652
2.359999895095825,-2.983335494995117,0.1734822392463684
2.369999885559082,-3.0418195724487305,0.1778927594423294
2.380000114440918,-3.0950379371643066,0.1823032796382904
2.390000104904175,-3.148968458175659,0.1867137849330902
2.4000000953674316,-3.2065088748931885,0.19100956618785858
2.4100000858306885,-3.2580313682556152,0.19521960616111755
2.4200000762939453,-3.3116066455841064,0.1993139535188675
2.430000066757202,-3.3657567501068115,0.20332351326942444
2.440000057220459,-3.4157955646514893,0.2073330581188202
2.450000047683716,-3.4639358520507812,0.21134263277053833
2.4600000381469727,-3.5145204067230225,0.21535220742225647
2.4700000286102295,-3.5639848709106445,0.21924367547035217
2.4800000190734863,-3.612510919570923,0.2230527549982071
2.490000009536743,-3.659162759780884,0.22674278914928436
2.5,-3.7018814086914062,0.23035140335559845
2.509999990463257,-3.7444095611572266,0.2338400036096573
2.5199999809265137,-3.7880609035491943,0.23724812269210815
2.5299999713897705,-3.830592393875122,0.24053528904914856
2.5399999618530273,-3.8755569458007812,0.2437429577112198
2.549999952316284,-3.919013261795044,0.24695061147212982
2.559999942779541,-3.958357334136963,0.25015825033187866
2.569999933242798,-3.996572494506836,0.25324302911758423
2.5799999237060547,-4.032527923583984,0.25625020265579224
2.5899999141693115,-4.062118053436279,0.25925737619400024
2.5999999046325684,-4.090962886810303,0.2620159387588501
2.609999895095825,-4.116061210632324,0.2644973695278168
2.619999885559082,-4.137956619262695,0.2669031023979187
2.630000114440918,-4.158020973205566,0.26905736327171326
2.640000104904175,-4.177644729614258,0.27080973982810974
2.6500000953674316,-4.190957069396973,0.27228686213493347
2.6600000858306885,-4.205547332763672,0.2734358310699463
2.6700000762939453,-4.214317798614502,0.2743105888366699
2.680000066757202,-4.218801975250244,0.27498435974121094
2.690000057220459,-4.221009731292725,0.2754572033882141
2.700000047683716,-4.216456413269043,0.27572908997535706
2.7100000381469727,-4.208227634429932,0.2757999897003174
2.7200000286102295,-4.1984543800354,0.27540987730026245
2.7300000190734863,-4.18472957611084,0.27467790246009827
2.740000009536743,-4.167458534240723,0.27361398935317993
2.75,-4.146438121795654,0.2720167338848114
2.759999990463257,-4.1211466789245605,0.27008047699928284
2.7699999809265137,-4.0945048332214355,0.26794326305389404
2.7799999713897705,-4.066194534301758,0.2654721736907959
2.7899999618530273,-4.034656524658203,0.2627325654029846
2.799999952316284,-3.9990599155426025,0.2597920298576355
2.809999942779541,-3.960960865020752,0.25665050745010376
2.819999933242798,-3.9183857440948486,0.2534428536891937
2.8299999237060547,-3.8736331462860107,0.25009992718696594
2.8399999141693115,-3.8303298950195312,0.24655601382255554
2.8499999046325684,-3.7853658199310303,0.24294739961624146
2.859999895095825,-3.741765260696411,0.23920206725597382
2.869999885559082,-3.697603225708008,0.23525577783584595
2.880000114440918,-3.647449016571045,0.23110854625701904
2.890000104904175,-3.598810911178589,0.22689849138259888
2.9000000953674316,-3.544262170791626,0.2226884365081787
2.9100000858306885,-3.4859671592712402,0.21833926439285278
2.9200000762939453,-3.43019700050354,0.21392877399921417
2.930000066757202,-3.3724000453948975,0.20951825380325317
2.940000057220459,-3.3133835792541504,0.2049671858549118
2.950000047683716,-3.2534310817718506,0.20021513104438782
2.9600000381469727,-3.193479061126709,0.19540366530418396
2.9700000286102295,-3.1325902938842773,0.1905921995639801
2.9800000190734863,-3.0726380348205566,0.18578073382377625
2.990000009536743,-3.0136218070983887,0.18096923828125
3,-2.956214189529419,0.17615777254104614
3.009999990463257,-2.900496244430542,0.17134630680084229
3.0199999809265137,-2.8417069911956787,0.16653484106063843
3.0299999713897705,-2.7852749824523926,0.16172334551811218
3.0399999618530273,-2.727677583694458,0.15691187977790833
3.049999952316284,-2.6649160385131836,0.15210039913654327
3.059999942779541,-2.605877161026001,0.14743521809577942
3.069999933242798,-2.548048734664917,0.1426774561405182
3.0799999237060547,-2.489032506942749,0.13801322877407074
3.0899999141693115,-2.432811737060547,0.1334022432565689
3.0999999046325684,-2.3789541721343994,0.1289394497871399
3.109999895095825,-2.32204532623291,0.12438023835420609
3.119999885559082,-2.2677135467529297,0.11991840600967407
3.130000114440918,-2.2154877185821533,0.11550789326429367
3.140000104904175,-2.1620934009552,0.11124749481678009
3.1500000953674316,-2.1093995571136475,0.1068868488073349
3.1600000858306885,-2.0555403232574463,0.10262741148471832
3.1700000762939453,-2.0058913230895996,0.09841737151145935
3.180000066757202,-1.955544352531433,0.09435935318470001
3.190000057220459,-1.905658483505249,0.09034979343414307
3.200000047683716,-1.8576632738113403,0.08649322390556335
3.2100000381469727,-1.8110430240631104,0.08268414437770844
3.2200000286102295,-1.7595220804214478,0.07887505739927292
3.2300000190734863,-1.7091788053512573,0.0750659704208374
3.240000009536743,-1.6625818014144897,0.07125688344240189
3.25,-1.6133861541748047,0.06744780391454697
3.259999990463257,-1.5654044151306152,0.0637945756316185
3.2699999809265137,-1.5195040702819824,0.06018597260117531
3.2799999713897705,-1.4752306938171387,0.05642055720090866
3.2899999618530273,-1.4298208951950073,0.0527687631547451
3.299999952316284,-1.3867300748825073,0.04931792616844177
3.309999942779541,-1.3436392545700073,0.045751553028821945
3.319999933242798,-1.2996125221252441,0.04230167344212532
3.3299999237060547,-1.2572087049484253,0.039052750915288925
3.3399999141693115,-1.2139296531677246,0.03568542003631592
3.3499999046325684,-1.1733993291854858,0.032277293503284454
3.359999895095825,-1.1336203813552856,0.02902980148792267
3.369999885559082,-1.0935224294662476,0.025822151452302933
3.380000114440918,-1.0542503595352173,0.022614503279328346
3.390000104904175,-1.0167815685272217,0.019568923860788345
3.4000000953674316,-0.9818667769432068,0.016561752185225487
3.4100000858306885,-0.9449063539505005,0.013717609457671642
3.4200000762939453,-0.9133108854293823,0.01091091614216566
3.430000066757202,-0.8819741010665894,0.008268206380307674
3.440000057220459,-0.8526781797409058,0.005661991890519857
3.450000047683716,-0.8265417814254761,0.003220717189833522
3.4600000381469727,-0.8028649687767029,0.0008149800123646855
3.4700000286102295,-0.7809001207351685,-0.0012589641846716404
3.4800000190734863,-0.7608118653297424,-0.0030973702669143677
3.490000009536743,-0.7463440299034119,-0.004734820686280727
3.5,-0.7337527871131897,-0.006003983784466982
3.509999990463257,-0.7243853211402893,-0.006871235091239214
3.5199999809265137,-0.7179423570632935,-0.007504860404878855
3.5299999713897705,-0.7172687649726868,-0.007937530055642128
3.5399999618530273,-0.7187340259552002,-0.00800000037997961
3.549999952316284,-0.72301185131073,-0.00800000037997961
3.559999942779541,-0.7329102754592896,-0.007829801179468632
3.569999933242798,-0.7432152628898621,-0.007287967950105667
3.5799999237060547,-0.7556600570678711,-0.006515378598123789
3.5899999141693115,-0.7717202305793762,-0.005370199680328369
3.5999999046325684,-0.7920596599578857,-0.0038231078069657087
3.609999895095825,-0.8110647201538086,-0.002046693116426468
3.619999885559082,-0.8319439888000488,-0.00024239046615548432
3.630000114440918,-0.8568409085273743,0.0019090039422735572
3.640000104904175,-0.8833422064781189,0.004114262759685516
3.6500000953674316,-0.911444902420044,0.006319521926343441
3.6600000858306885,-0.941030740737915,0.008699760772287846
3.6700000762939453,-0.973816454410553,0.01128095667809248
3.680000066757202,-1.004730224609375,0.013887171633541584
3.690000057220459,-1.0363041162490845,0.016669802367687225
3.700000047683716,-1.0680460929870605,0.019476493820548058
3.7100000381469727,-1.103365421295166,0.02228318713605404
3.7200000286102295,-1.1383026838302612,0.02508987858891487
3.7300000190734863,-1.1729635000228882,0.027896573767066002
3.740000009536743,-1.2122070789337158,0.030703267082571983
3.75,-1.2497751712799072,0.03368924558162689
3.759999990463257,-1.2850909233093262,0.0366964153945446
3.7699999809265137,-1.3215315341949463,0.03970358520746231
3.7799999713897705,-1.3590915203094482,0.04271075502038002
3.7899999618530273,-1.393664836883545,0.04571792483329773
3.799999952316284,-1.431504487991333,0.048725102096796036
3.809999942779541,-1.4680372476577759,0.051732275635004044
3.819999933242798,-1.5026978254318237,0.054739441722631454
3.8299999237060547,-1.5392305850982666,0.05774661898612976
3.8399999141693115,-1.573891282081604,0.06075378134846687
3.8499999046325684,-1.6109997034072876,0.06357689201831818
3.859999895095825,-1.650054931640625,0.06638358533382416
3.869999885559082,-1.6872358322143555,0.06919027864933014
3.880000114440918,-1.723122477531433,0.07199697196483612
3.890000104904175,-1.760301947593689,0.0748036652803421
3.9000000953674316,-1.7934435606002808,0.0777968093752861
3.9100000858306885,-1.8277499675750732,0.08080398291349411
3.9200000762939453,-1.864575743675232,0.08381116390228271
3.930000066757202,-1.8992925882339478,0.08681832253932953
3.940000057220459,-1.9317314624786377,0.08963713049888611
3.950000047683716,-1.968264102935791,0.09263267368078232
3.9600000381469727,-2.0038609504699707,0.0954505205154419
3.9700000286102295,-2.03916072845459,0.09825721383094788
3.9800000190734863,-2.073479175567627,0.10106391459703445
3.990000009536743,-2.1094167232513428,0.10406134277582169
4,-2.1416056156158447,0.1066860631108284
4.010000228881836,-2.1731176376342773,0.1094839796423912
4.019999980926514,-2.206540107727051,0.11229067295789719
4.03000020980835,-2.2386910915374756,0.11490469425916672
4.039999961853027,-2.272414207458496,0.11751091480255127
4.050000190734863,-2.304898738861084,0.12031075358390808
4.059999942779541,-2.3379883766174316,0.1229233518242836
4.070000171661377,-2.372647523880005,0.12552955746650696
4.079999923706055,-2.403888463973999,0.12833084166049957
4.090000152587891,-2.4354121685028076,0.1309419870376587
4.099999904632568,-2.4672799110412598,0.13354820013046265
4.110000133514404,-2.4969329833984375,0.1361544132232666
4.119999885559082,-2.527538776397705,0.13876062631607056
4.130000114440918,-2.5575151443481445,0.14116941392421722
4.139999866485596,-2.587491273880005,0.14357514679431915
4.150000095367432,-2.6187140941619873,0.14598087966442108
4.159999847412109,-2.649627208709717,0.148386612534523
4.170000076293945,-2.682413101196289,0.15079236030578613
4.179999828338623,-2.7130143642425537,0.1532019078731537
4.190000057220459,-2.741741418838501,0.15560956299304962
4.199999809265137,-2.7710940837860107,0.15801529586315155
4.210000038146973,-2.800755500793457,0.1604192852973938
4.21999979019165,-2.8291733264923096,0.16262678802013397
4.230000019073486,-2.8594655990600586,0.1650325059890747
4.239999771118164,-2.890998363494873,0.16743506491184235
4.25,-2.918149471282959,0.16964033246040344
4.260000228881836,-2.945013999938965,0.17184558510780334
4.269999980926514,-2.9718618392944336,0.17404620349407196
4.28000020980835,-2.998090982437134,0.17605610191822052
4.289999961853027,-3.023704767227173,0.17826136946678162
4.300000190734863,-3.052422046661377,0.18046662211418152
4.309999942779541,-3.0802316665649414,0.18267187476158142
4.320000171661377,-3.108625650405884,0.18487712740898132
4.329999923706055,-3.135178565979004,0.18707489967346191
4.340000152587891,-3.161696434020996,0.1890796720981598
4.349999904632568,-3.1885745525360107,0.19109292328357697
4.360000133514404,-3.215740919113159,0.19329817593097687
4.369999885559082,-3.2451066970825195,0.19550342857837677
4.380000114440918,-3.2738192081451416,0.19770869612693787
4.389999866485596,-3.3025295734405518,0.19991394877433777
4.400000095367432,-3.329087972640991,0.20210835337638855
4.409999847412109,-3.355595350265503,0.20411314070224762
4.420000076293945,-3.379345417022705,0.2061179280281067
4.429999828338623,-3.406179428100586,0.20812270045280457
4.440000057220459,-3.4308669567108154,0.21012748777866364
4.449999809265137,-3.4570960998535156,0.2121322602033615
4.460000038146973,-3.4849281311035156,0.21413706243038177
4.46999979019165,-3.5132997035980225,0.21614183485507965
4.480000019073486,-3.541134834289551,0.21814662218093872
4.489999771118164,-3.5695033073425293,0.2201513946056366
4.5,-3.5970051288604736,0.22215615212917328
4.510000228881836,-3.623497724533081,0.22416095435619354
4.519999980926514,-3.6494650840759277,0.2261657416820526
4.53000020980835,-3.675954580307007,0.22817052900791168
4.539999961853027,-3.700310230255127,0.23017528653144836
4.550000190734863,-3.724665880203247,0.23218007385730743
4.559999942779541,-3.7490217685699463,0.2341848611831665
4.570000171661377,-3.772099256515503,0.23618963360786438
4.579999923706055,-3.7962024211883545,0.23817498981952667
4.590000152587891,-3.8204660415649414,0.23997929692268372
4.599999904632568,-3.8410744667053223,0.24178357422351837
4.610000133514404,-3.8616836071014404,0.24356701970100403
4.619999885559082,-3.8810107707977295,0.24517081677913666
4.630000114440918,-3.8981175422668457,0.24677467346191406
4.639999866485596,-3.9131057262420654,0.2483561933040619
4.650000095367432,-3.927398681640625,0.2497367411851883
4.659999847412109,-3.9373550415039062,0.25091633200645447
4.670000076293945,-3.9441521167755127,0.2518949806690216
4.679999828338623,-3.949772834777832,0.25267264246940613
4.690000057220459,-3.9534056186676025,0.2532494068145752
4.699999809265137,-3.9534053802490234,0.25362515449523926
4.710000038146973,-3.9534051418304443,0.2538256347179413
4.71999979019165,-3.950474739074707,0.2539738714694977
4.730000019073486,-3.943211317062378,0.25374677777290344
4.739999771118164,-3.9334893226623535,0.25329163670539856
4.75,-3.9206016063690186,0.2524346113204956
4.760000228881836,-3.905613899230957,0.2511756420135498
4.769999980926514,-3.888976573944092,0.24954327940940857
4.78000020980835,-3.868947982788086,0.24768096208572388
4.789999961853027,-3.8479812145233154,0.24547570943832397
4.800000190734863,-3.823486566543579,0.24324046075344086
4.809999942779541,-3.794088363647461,0.24080431461334229
4.820000171661377,-3.7624552249908447,0.2381671816110611
4.829999923706055,-3.728731870651245,0.23536045849323273
4.840000152587891,-3.6933493614196777,0.2325219213962555
4.849999904632568,-3.6568150520324707,0.22948236763477325
4.860000133514404,-3.61877179145813,0.22627472877502441
4.869999885559082,-3.583747386932373,0.22306708991527557
4.880000114440918,-3.5440402030944824,0.21985943615436554
4.889999866485596,-3.503965139389038,0.2166517972946167
4.900000095367432,-3.4638454914093018,0.21344415843486786
4.909999847412109,-3.423769235610962,0.21020129323005676
4.920000076293945,-3.3834877014160156,0.2067931443452835
4.929999828338623,-3.341703176498413,0.20338501036167145
4.940000057220459,-3.3016207218170166,0.1999402493238449
4.949999809265137,-3.2585299015045166,0.1963687688112259
4.960000038146973,-3.214132308959961,0.1929982453584671
4.96999979019165,-3.170847177505493,0.1897525191307068
4.980000019073486,-3.128321647644043,0.18634438514709473
4.989999771118164,-3.084857940673828,0.18293625116348267
5,-3.042886972427368,0.1795281171798706
5.010000228881836,-3.0012965202331543,0.17608000338077545
5.019999980926514,-2.958392858505249,0.17251186072826385
5.03000020980835,-2.91605281829834,0.16910375654697418
5.039999961853027,-2.8727691173553467,0.16569562256336212
5.050000190734863,-2.826686382293701,0.16228748857975006
5.059999942779541,-2.783973455429077,0.158879354596138
5.070000171661377,-2.7419984340667725,0.15547123551368713
5.079999923706055,-2.6991093158721924,0.15206310153007507
5.090000152587891,-2.6610822677612305,0.1486549824476242
5.099999904632568,-2.6215322017669678,0.14524684846401215
5.110000133514404,-2.580141305923462,0.1418835073709488
5.119999885559082,-2.540797472000122,0.13863059878349304
5.130000114440918,-2.500134229660034,0.13522247970104218
5.139999866485596,-2.457597017288208,0.13186055421829224
5.150000095367432,-2.4167630672454834,0.1286529004573822
5.159999847412109,-2.3768677711486816,0.12539808452129364
5.170000076293945,-2.3352651596069336,0.1220376193523407
5.179999828338623,-2.2957584857940674,0.11882995814085007
5.190000057220459,-2.2582881450653076,0.11562231928110123
5.199999809265137,-2.2204294204711914,0.11241466552019119
5.210000038146973,-2.182800531387329,0.10925658047199249
5.21999979019165,-2.146267890930176,0.10629944503307343
5.230000019073486,-2.111607313156128,0.10349274426698685
5.239999771118164,-2.0760104656219482,0.10063505917787552
5.25,-2.0390851497650146,0.09767935425043106
5.260000228881836,-2.0033371448516846,0.09487266838550568
5.269999980926514,-1.9678902626037598,0.09201355278491974
5.28000020980835,-1.9313559532165527,0.08905928581953049
5.289999961853027,-1.8933452367782593,0.08630596846342087
5.300000190734863,-1.8577487468719482,0.08364589512348175
5.309999942779541,-1.8213578462600708,0.08089353889226913
5.320000171661377,-1.7824116945266724,0.07828732579946518
5.329999923706055,-1.7480090856552124,0.07562581449747086
5.340000152587891,-1.7152231931686401,0.07287490367889404
5.349999904632568,-1.6812375783920288,0.07026868313550949
5.360000133514404,-1.6472423076629639,0.06760574132204056
5.369999885559082,-1.6164631843566895,0.06485625356435776
5.380000114440918,-1.5831421613693237,0.062307730317115784
5.389999866485596,-1.5503565073013306,0.059843823313713074
5.400000095367432,-1.5207825899124146,0.05723760649561882
5.409999847412109,-1.4881253242492676,0.05469052121043205
5.420000076293945,-1.4570847749710083,0.052225176244974136
5.429999828338623,-1.4248305559158325,0.04961896315217018
5.440000057220459,-1.3943235874176025,0.04701274633407593
5.449999809265137,-1.364347219467163,0.04446756839752197
5.460000038146973,-1.3339627981185913,0.042061835527420044
5.46999979019165,-1.3025223016738892,0.03965609520673752
5.480000019073486,-1.271200180053711,0.03725035861134529
5.489999771118164,-1.240696907043457,0.034907568246126175
5.5,-1.2111320495605469,0.032702311873435974
5.510000228881836,-1.1861369609832764,0.030497053638100624
5.519999980926514,-1.162306308746338,0.028356177732348442
5.53000020980835,-1.1375372409820557,0.02635139226913452
5.539999961853027,-1.113072395324707,0.024346614256501198
5.550000190734863,-1.0888245105743408,0.022341832518577576
5.559999942779541,-1.0638422966003418,0.020403346046805382
5.570000171661377,-1.044169545173645,0.018665818497538567
5.579999923706055,-1.026267409324646,0.017129242420196533
5.590000152587891,-1.0102415084838867,0.01579362340271473
5.599999904632568,-0.9971269965171814,0.014658964239060879
5.610000133514404,-0.9848512411117554,0.01372525840997696
5.619999885559082,-0.9777758121490479,0.0129233468323946
5.630000114440918,-0.9720595479011536,0.012191074900329113
5.639999866485596,-0.9700917601585388,0.011659761890769005
5.650000095367432,-0.9718726277351379,0.011329403147101402
5.659999847412109,-0.9760428071022034,0.01119999960064888
5.670000076293945,-0.9830232858657837,0.011343107558786869
5.679999828338623,-0.992302656173706,0.011816095560789108
5.690000057220459,-1.004905104637146,0.01256254967302084
5.699999809265137,-1.018019676208496,0.01371091604232788
5.710000038146973,-1.0324150323867798,0.015114262700080872
5.71999979019165,-1.0548133850097656,0.016665497794747353
5.730000019073486,-1.076359510421753,0.01854422315955162
5.739999771118164,-1.1024302244186401,0.02062390372157097
5.75,-1.1337722539901733,0.022904541343450546
5.760000228881836,-1.1642552614212036,0.025386136025190353
5.769999980926514,-1.1973977088928223,0.027992350980639458
5.78000020980835,-1.2329943180084229,0.030752191320061684
5.789999961853027,-1.2676551342010498,0.03375936299562454
5.800000190734863,-1.3059910535812378,0.03676653280854225
5.809999942779541,-1.3439644575119019,0.03985195234417915
5.820000171661377,-1.3814345598220825,0.043138325214385986
5.829999923706055,-1.4207127094268799,0.04646724835038185
5.840000152587891,-1.460120677947998,0.04975458234548569
5.849999904632568,-1.4994016885757446,0.053242869675159454
5.860000133514404,-1.5410569906234741,0.056851472705602646
5.869999885559082,-1.5855226516723633,0.060460079461336136
5.880000114440918,-1.6304869651794434,0.06415028125047684
5.889999866485596,-1.6750108003616333,0.06787729263305664
5.900000095367432,-1.7185426950454712,0.07148589938879013
5.909999847412109,-1.7616872787475586,0.07509449869394302
5.920000076293945,-1.8015259504318237,0.07870310544967651
5.929999828338623,-1.8436282873153687,0.08222772926092148
5.940000057220459,-1.8853391408920288,0.08572032302618027
5.949999809265137,-1.9279371500015259,0.08924398571252823
5.960000038146973,-1.9714736938476562,0.09265211969614029
5.96999979019165,-2.013716459274292,0.09606024622917175
5.980000019073486,-2.0529751777648926,0.09946836531162262
5.989999771118164,-2.0965960025787354,0.10278964042663574
6,-2.1363883018493652,0.10608462244272232
6.010000228881836,-2.176219940185547,0.10949274897575378
6.019999980926514,-2.217885971069336,0.1128125861287117
6.03000020980835,-2.2549426555633545,0.11602023988962173
6.039999961853027,-2.2923786640167236,0.11922788619995117
6.050000190734863,-2.330333948135376,0.12234582006931305
6.059999942779541,-2.3673510551452637,0.12535299360752106
6.070000171661377,-2.4061813354492188,0.12836015224456787
6.079999923706055,-2.4455535411834717,0.13136732578277588
6.090000152587891,-2.4816324710845947,0.1343744993209839
6.099999904632568,-2.5172293186187744,0.1373816728591919
6.110000133514404,-2.5542187690734863,0.1403888314962387
6.119999885559082,-2.5902955532073975,0.1433960199356079
6.130000114440918,-2.627286672592163,0.14630964398384094
6.139999866485596,-2.6647565364837646,0.14911633729934692
6.150000095367432,-2.7017672061920166,0.1519230157136917
6.159999847412109,-2.737363815307617,0.1547297090291977
6.170000076293945,-2.7715635299682617,0.1574409455060959
6.179999828338623,-2.805748701095581,0.16014310717582703
6.190000057220459,-2.8408825397491455,0.162949800491333
6.199999809265137,-2.874605655670166,0.1656596064567566
6.210000038146973,-2.9083287715911865,0.16826581954956055
6.21999979019165,-2.943453311920166,0.1709698736667633
6.230000019073486,-2.9776482582092285,0.1737765669822693
6.239999771118164,-3.011371374130249,0.17648446559906006
6.25,-3.0455617904663086,0.17918996512889862
6.260000228881836,-3.082094669342041,0.1819966584444046
6.269999980926514,-3.1158177852630615,0.18470311164855957
6.28000020980835,-3.148606300354004,0.18730932474136353
6.289999961853027,-3.184669017791748,0.1900167316198349
6.300000190734863,-3.215578079223633,0.19272175431251526
6.309999942779541,-3.2464981079101562,0.1953279674053192
6.320000171661377,-3.283038377761841,0.19793419539928436
6.329999923706055,-3.3186259269714355,0.20054039359092712
6.340000152587891,-3.3542330265045166,0.20314662158489227
6.349999904632568,-3.389817714691162,0.20575283467769623
6.360000133514404,-3.4221296310424805,0.20835904777050018
6.369999885559082,-3.4549152851104736,0.21107028424739838
6.380000114440918,-3.485352039337158,0.21377146244049072
6.389999866485596,-3.515805959701538,0.21637769043445587
6.400000095367432,-3.549069881439209,0.21898390352725983
6.409999847412109,-3.5808987617492676,0.22148318588733673
6.420000076293945,-3.6127712726593018,0.22388891875743866
6.429999828338623,-3.646494150161743,0.22629466652870178
6.440000057220459,-3.678800106048584,0.2287003993988037
6.449999809265137,-3.711585521697998,0.23110611736774445
6.460000038146973,-3.742499351501465,0.23362119495868683
6.46999979019165,-3.7738654613494873,0.23611761629581451
6.480000019073486,-3.804326057434082,0.23852333426475525
6.489999771118164,-3.835205316543579,0.24092908203601837
6.5,-3.8637940883636475,0.2433348149061203
6.510000228881836,-3.892347574234009,0.24562884867191315
6.519999980926514,-3.9218735694885254,0.24794629216194153
6.53000020980835,-3.9518496990203857,0.25035202503204346
6.539999961853027,-3.983250856399536,0.2526446282863617
6.550000190734863,-4.013674736022949,0.2548498809337616
6.559999942779541,-4.041733741760254,0.2571692168712616
6.570000171661377,-4.067963123321533,0.25934579968452454
6.579999923706055,-4.093700885772705,0.2613506019115448
6.590000152587891,-4.11854887008667,0.26335540413856506
6.599999904632568,-4.144777774810791,0.26536017656326294
6.610000133514404,-4.17100715637207,0.2672484219074249
6.619999885559082,-4.195310592651367,0.26916971802711487
6.630000114440918,-4.221151351928711,0.27117452025413513
6.639999866485596,-4.245893478393555,0.273179292678833
6.650000095367432,-4.2717390060424805,0.27506566047668457
6.659999847412109,-4.296973705291748,0.2768699526786804
6.670000076293945,-4.320331573486328,0.27867424488067627
6.679999828338623,-4.341440200805664,0.2803587317466736
6.690000057220459,-4.363422393798828,0.2819625437259674
6.699999809265137,-4.382593631744385,0.28356635570526123
6.710000038146973,-4.399890899658203,0.28517019748687744
6.71999979019165,-4.417688846588135,0.28665226697921753
6.730000019073486,-4.432608127593994,0.2880556285381317
6.739999771118164,-4.4442830085754395,0.289336234331131
6.75,-4.455523490905762,0.29053911566734314
6.760000228881836,-4.464312553405762,0.2914946675300598
6.769999980926514,-4.469502925872803,0.2921724319458008
6.78000020980835,-4.478869438171387,0.2926492393016815
6.789999961853027,-4.483476638793945,0.2929251194000244
6.800000190734863,-4.487223148345947,0.2930000126361847
6.809999942779541,-4.489015579223633,0.2930000126361847
6.820000171661377,-4.484594345092773,0.29287347197532654
6.829999923706055,-4.475226879119873,0.29254597425460815
6.840000152587891,-4.463901042938232,0.29201751947402954
6.849999904632568,-4.451298713684082,0.2911601662635803
6.860000133514404,-4.437582969665527,0.28990089893341064
6.869999885559082,-4.420207500457764,0.2883686125278473
6.880000114440918,-4.400536060333252,0.2866353690624237
6.889999866485596,-4.380771160125732,0.2847011685371399
6.900000095367432,-4.3553853034973145,0.28256604075431824
6.909999847412109,-4.3271870613098145,0.28022995591163635
6.920000076293945,-4.300634860992432,0.2778242230415344
6.929999828338623,-4.270880699157715,0.27515488862991333
6.940000057220459,-4.237157344818115,0.27221593260765076
6.949999809265137,-4.203433990478516,0.26920875906944275
6.960000038146973,-4.168669700622559,0.26620158553123474
6.96999979019165,-4.128807067871094,0.26306071877479553
6.980000019073486,-4.090399265289307,0.2598530650138855
6.989999771118164,-4.049596786499023,0.25664541125297546
7,-4.011298656463623,0.25343775749206543
7.010000228881836,-3.9714319705963135,0.2500945031642914
7.019999980926514,-3.9310383796691895,0.24668636918067932
7.03000020980835,-3.8889987468719482,0.24327823519706726
7.039999961853027,-3.848602294921875,0.2398701161146164
7.050000190734863,-3.8045756816864014,0.2363244742155075
7.059999942779541,-3.7589657306671143,0.23271586000919342
7.070000171661377,-3.713711977005005,0.22910724580287933
7.079999923706055,-3.6676905155181885,0.22549864649772644
7.090000152587891,-3.6208527088165283,0.22175060212612152
7.099999904632568,-3.575481414794922,0.21808144450187683
7.110000133514404,-3.530517101287842,0.21447283029556274
7.119999885559082,-3.48555326461792,0.21072335541248322
7.130000114440918,-3.437650680541992,0.20705561339855194
7.139999866485596,-3.3898751735687256,0.20344701409339905
7.150000095367432,-3.341698408126831,0.19969609379768372
7.159999847412109,-3.29486083984375,0.1958869993686676
7.170000076293945,-3.24855899810791,0.19207791984081268
7.179999828338623,-3.2025210857391357,0.1881251037120819
7.190000057220459,-3.1538097858428955,0.18425975739955902
7.199999809265137,-3.1050984859466553,0.1804506778717041
7.210000038146973,-3.054373264312744,0.176641583442688
7.21999979019165,-3.0039303302764893,0.17283250391483307
7.230000019073486,-2.9511847496032715,0.16902342438697815
7.239999771118164,-2.9010353088378906,0.16506773233413696
7.25,-2.854051113128662,0.16105817258358002
7.260000228881836,-2.8068184852600098,0.15704859793186188
7.269999980926514,-2.7621545791625977,0.15303903818130493
7.28000020980835,-2.7241387367248535,0.14917801320552826
7.289999961853027,-2.678478240966797,0.14536891877651215
7.300000190734863,-2.6321864128112793,0.1417093276977539
7.309999942779541,-2.587611436843872,0.13810071349143982
7.320000171661377,-2.539837598800659,0.13464254140853882
7.329999923706055,-2.4944839477539062,0.13108350336551666
7.340000152587891,-2.4485836029052734,0.12747490406036377
7.349999904632568,-2.405104637145996,0.12386629730463028
7.360000133514404,-2.3635003566741943,0.12025769054889679
7.369999885559082,-2.3217318058013916,0.1166490837931633
7.380000114440918,-2.278256893157959,0.11319378018379211
7.389999866485596,-2.237975835800171,0.10993944108486176
7.400000095367432,-2.194716215133667,0.10657753050327301
7.409999847412109,-2.1517956256866455,0.10332414507865906
7.420000076293945,-2.111133098602295,0.10011649131774902
7.429999828338623,-2.072725534439087,0.09690884500741959
7.440000057220459,-2.0324456691741943,0.09370119869709015
7.449999809265137,-1.9940378665924072,0.09049354493618011
7.460000038146973,-1.954694151878357,0.08728589862585068
7.46999979019165,-1.913856029510498,0.08423585444688797
7.480000019073486,-1.874133825302124,0.08122868835926056
7.489999771118164,-1.833854079246521,0.07822150737047195
7.5,-1.7954463958740234,0.07537338882684708
7.510000228881836,-1.7581615447998047,0.07272621244192123
7.519999980926514,-1.7216287851333618,0.06995999813079834
7.53000020980835,-1.6865949630737305,0.06715330481529236
7.539999961853027,-1.653244137763977,0.06450756639242172
7.550000190734863,-1.6167114973068237,0.06190134957432747
7.559999942779541,-1.5826159715652466,0.05929514020681381
7.570000171661377,-1.548892855644226,0.05668892711400986
7.579999923706055,-1.5136668682098389,0.054082710295915604
7.590000152587891,-1.4816443920135498,0.05147649347782135
7.599999904632568,-1.4507321119308472,0.0488702766597271
7.610000133514404,-1.4201871156692505,0.04626405984163284
7.619999885559082,-1.3898429870605469,0.043822627514600754
7.630000114440918,-1.3613733053207397,0.041416894644498825
7.639999866485596,-1.3317633867263794,0.0390111543238163
7.650000095367432,-1.3023592233657837,0.036771632730960846
7.659999847412109,-1.2742565870285034,0.034566376358270645
7.670000076293945,-1.2470897436141968,0.03236111253499985
7.679999828338623,-1.2195613384246826,0.03032350353896618
7.690000057220459,-1.1948429346084595,0.028318725526332855
7.699999809265137,-1.1695513725280762,0.026313943788409233
7.710000038146973,-1.1482205390930176,0.02430916391313076
7.71999979019165,-1.1266758441925049,0.02247394621372223
7.730000019073486,-1.109673023223877,0.02083968184888363
7.739999771118164,-1.0952636003494263,0.019406374543905258
7.75,-1.0830849409103394,0.018174024298787117
7.760000228881836,-1.0711308717727661,0.017142631113529205
7.769999980926514,-1.0632801055908203,0.016312191262841225
7.78000020980835,-1.0548499822616577,0.015682710334658623
7.789999961853027,-1.0482919216156006,0.015254182741045952
7.800000190734863,-1.0450024604797363,0.01502661220729351
7.809999942779541,-1.045586347579956,0.014999998733401299
7.820000171661377,-1.049565076828003,0.015174342319369316
7.829999923706055,-1.055770993232727,0.01554964017122984
7.840000152587891,-1.0663094520568848,0.01612589694559574
7.849999904632568,-1.0775505304336548,0.01690310798585415
7.860000133514404,-1.0893791913986206,0.018057528883218765
7.869999885559082,-1.1051948070526123,0.01943713054060936
7.880000114440918,-1.124866008758545,0.021017689257860184
7.889999866485596,-1.1457167863845825,0.022799203172326088
7.900000095367432,-1.1681989431381226,0.02478167414665222
7.909999847412109,-1.19339120388031,0.026786454021930695
7.920000076293945,-1.2209018468856812,0.02897035703063011
7.929999828338623,-1.2480669021606445,0.03135522082448006
7.940000057220459,-1.2751410007476807,0.033760957419872284
7.949999809265137,-1.3073322772979736,0.03634725138545036
7.960000038146973,-1.3351821899414062,0.03913450241088867
7.96999979019165,-1.3656668663024902,0.04194119572639465
7.980000019073486,-1.4015192985534668,0.044747885316610336
7.989999771118164,-1.4359228610992432,0.04773705080151558
8,-1.4717782735824585,0.050744228065013885
8.010000228881836,-1.5095857381820679,0.053751394152641296
8.020000457763672,-1.5451823472976685,0.056758563965559006
8.029999732971191,-1.5798430442810059,0.059765737503767014
8.039999961853027,-1.6185139417648315,0.06277290731668472
8.050000190734863,-1.6569217443466187,0.06578008085489273
8.0600004196167,-1.6978039741516113,0.06878724694252014
8.069999694824219,-1.737481951713562,0.07179442793130875
8.079999923706055,-1.7768255472183228,0.07498836517333984
8.09000015258789,-1.8165005445480347,0.07819601893424988
8.100000381469727,-1.8524293899536133,0.08140365779399872
8.109999656677246,-1.8867604732513428,0.08461131155490875
8.119999885559082,-1.926709771156311,0.08781896531581879
8.130000114440918,-1.9632940292358398,0.09083745628595352
8.140000343322754,-2.0001063346862793,0.09384462237358093
8.149999618530273,-2.038794994354248,0.09685178846120834
8.15999984741211,-2.076310396194458,0.09985896199941635
8.170000076293945,-2.1112961769104004,0.10286613553762436
8.180000305175781,-2.146566867828369,0.10587330162525177
8.1899995803833,-2.1821634769439697,0.10888048261404037
8.199999809265137,-2.2183732986450195,0.11188765615224838
8.210000038146973,-2.2558436393737793,0.1148948147892952
8.220000267028809,-2.2911486625671387,0.11770852655172348
8.229999542236328,-2.3254873752593994,0.12051521986722946
8.239999771118164,-2.3620200157165527,0.12332190573215485
8.25,-2.3945112228393555,0.12612861394882202
8.260000228881836,-2.428532123565674,0.12873992323875427
8.270000457763672,-2.463510274887085,0.1317378431558609
8.279999732971191,-2.495678663253784,0.13454867899417877
8.289999961853027,-2.5297038555145264,0.13735537230968475
8.300000190734863,-2.5631234645843506,0.14016208052635193
8.3100004196167,-2.598087787628174,0.14316654205322266
8.319999694824219,-2.6349287033081055,0.14577722549438477
8.329999923706055,-2.6714677810668945,0.14858214557170868
8.34000015258789,-2.7079977989196777,0.15138883888721466
8.350000381469727,-2.7454686164855957,0.15419776737689972
8.359999656677246,-2.782003164291382,0.1570095717906952
8.369999885559082,-2.818222999572754,0.160016730427742
8.380000114440918,-2.8569447994232178,0.1630239188671112
8.390000343322754,-2.8947253227233887,0.16603107750415802
8.399999618530273,-2.9321956634521484,0.16903823614120483
8.40999984741211,-2.967472553253174,0.17204542458057404
8.420000076293945,-3.0027613639831543,0.1750490665435791
8.430000305175781,-3.0367918014526367,0.17785577476024628
8.4399995803833,-3.0717766284942627,0.1806669384241104
8.449999809265137,-3.1108148097991943,0.18366916477680206
8.460000038146973,-3.1504621505737305,0.18647584319114685
8.470000267028809,-3.184793710708618,0.1892884373664856
8.479999542236328,-3.2207207679748535,0.1922956258058548
8.489999771118164,-3.256620407104492,0.19529592990875244
8.5,-3.291581630706787,0.1981099396944046
8.510000228881836,-3.3303580284118652,0.2011171281337738
8.520000457763672,-3.3721749782562256,0.20411600172519684
8.529999732971191,-3.409945011138916,0.20692269504070282
8.539999961853027,-3.4442663192749023,0.20972940325737
8.550000190734863,-3.4805004596710205,0.21253609657287598
8.5600004196167,-3.5129456520080566,0.21533258259296417
8.569999694824219,-3.5463714599609375,0.21794946491718292
8.579999923706055,-3.5791587829589844,0.2207449972629547
8.59000015258789,-3.613818407058716,0.22335124015808105
8.600000381469727,-3.6475415229797363,0.22595743834972382
8.609999656677246,-3.6806211471557617,0.22856365144252777
8.619999885559082,-3.7137598991394043,0.23115681111812592
8.630000114440918,-3.7502925395965576,0.23357610404491425
8.640000343322754,-3.7827255725860596,0.2361682802438736
8.649999618530273,-3.816157817840576,0.2385595291852951
8.65999984741211,-3.8498806953430176,0.24077975749969482
8.670000076293945,-3.880723714828491,0.24318549036979675
8.680000305175781,-3.9101240634918213,0.24557529389858246
8.6899995803833,-3.940674304962158,0.24778056144714355
8.699999809265137,-3.967841386795044,0.2500027120113373
8.710000038146973,-3.995944023132324,0.25237369537353516
8.720000267028809,-4.0233941078186035,0.25439634919166565
8.729999542236328,-4.05280065536499,0.25660160183906555
8.739999771118164,-4.081841468811035,0.25880688428878784
8.75,-4.111163139343262,0.26099279522895813
8.760000228881836,-4.13832950592041,0.2630173861980438
8.770000457763672,-4.16446590423584,0.2652024030685425
8.779999732971191,-4.18891716003418,0.26720717549324036
8.789999961853027,-4.215704917907715,0.26921194791793823
8.800000190734863,-4.242312908172607,0.2712167203426361
8.8100004196167,-4.268820762634277,0.27322152256965637
8.819999694824219,-4.295049667358398,0.27522629499435425
8.829999923706055,-4.318086624145508,0.27720797061920166
8.84000015258789,-4.343101978302002,0.2790122628211975
8.850000381469727,-4.3658599853515625,0.28081658482551575
8.859999656677246,-4.388341903686523,0.2825963497161865
8.869999885559082,-4.409224987030029,0.28420013189315796
8.880000114440918,-4.42756986618042,0.28580400347709656
8.890000343322754,-4.443767070770264,0.2873818278312683
8.899999618530273,-4.4571533203125,0.2887587249279022
8.90999984741211,-4.4712042808532715,0.289961576461792
8.920000076293945,-4.4804463386535645,0.2911096513271332
8.930000305175781,-4.488607883453369,0.2918836772441864
8.9399995803833,-4.498911380767822,0.2924567461013794
8.949999809265137,-4.505335330963135,0.29282885789871216
8.960000038146973,-4.5081467628479,0.2930000126361847
8.970000267028809,-4.510552883148193,0.2930000126361847
8.979999542236328,-4.505059242248535,0.2929697334766388
8.989999771118164,-4.496892929077148,0.29273849725723267
9,-4.486852169036865,0.292275071144104
9.010000228881836,-4.472391605377197,0.2914097309112549
9.020000457763672,-4.458339691162109,0.2901424467563629
9.029999732971191,-4.440805435180664,0.2885059416294098
9.039999961853027,-4.423527717590332,0.2866685390472412
9.050000190734863,-4.403595447540283,0.28463014960289
9.0600004196167,-4.378665924072266,0.2823907732963562
9.069999694824219,-4.3544697761535645,0.2799850404262543
9.079999923706055,-4.325106143951416,0.27754420042037964
9.09000015258789,-4.295973300933838,0.27490246295928955
9.100000381469727,-4.266511917114258,0.27205976843833923
9.109999656677246,-4.234492301940918,0.26905256509780884
9.119999885559082,-4.198641300201416,0.2660084366798401
9.130000114440918,-4.163552761077881,0.2627633512020111
9.140000343322754,-4.121907711029053,0.25935521721839905
9.149999618530273,-4.07932186126709,0.255947083234787
9.15999984741211,-4.035979270935059,0.2525389492511749
9.170000076293945,-3.991266965866089,0.2490914762020111
9.180000305175781,-3.948611259460449,0.24548286199569702
9.1899995803833,-3.9057705402374268,0.24187426269054413
9.199999809265137,-3.8643038272857666,0.23826566338539124
9.210000038146973,-3.820085048675537,0.23461578786373138
9.220000267028809,-3.774872303009033,0.23080669343471527
9.229999542236328,-3.726655960083008,0.22699759900569916
9.239999771118164,-3.6788806915283203,0.22314582765102386
9.25,-3.627605676651001,0.21913625299930573
9.260000228881836,-3.5779571533203125,0.21512669324874878
9.270000457763672,-3.5287585258483887,0.21111714839935303
9.279999732971191,-3.478903293609619,0.2071075588464737
9.289999961853027,-3.429705858230591,0.20309799909591675
9.300000190734863,-3.380058526992798,0.1990884393453598
9.3100004196167,-3.329019069671631,0.19507887959480286
9.319999694824219,-3.2756247520446777,0.19102279841899872
9.329999923706055,-3.223405122756958,0.18681275844573975
9.34000015258789,-3.171405553817749,0.18260270357131958
9.350000381469727,-3.120820999145508,0.1783926635980606
9.359999656677246,-3.0709357261657715,0.17418263852596283
9.369999885559082,-3.020587921142578,0.17002150416374207
9.380000114440918,-2.9709389209747314,0.1660119593143463
9.390000343322754,-2.9187161922454834,0.16200238466262817
9.399999618530273,-2.8664913177490234,0.15799283981323242
9.40999984741211,-2.811927080154419,0.15398326516151428
9.420000076293945,-2.7601728439331055,0.14997370541095734
9.430000305175781,-2.711229085922241,0.1460159420967102
9.4399995803833,-2.660170078277588,0.14220686256885529
9.449999809265137,-2.6140522956848145,0.13839776813983917
9.460000038146973,-2.5686111450195312,0.13458868861198425
9.470000267028809,-2.5224812030792236,0.13083331286907196
9.479999542236328,-2.4775171279907227,0.12717051804065704
9.489999771118164,-2.4341981410980225,0.12341609597206116
9.5,-2.389461040496826,0.11980749666690826
9.510000228881836,-2.345432758331299,0.11625450849533081
9.520000457763672,-2.299532651901245,0.11279028654098511
9.529999732971191,-2.2569291591644287,0.10923825204372406
9.539999961853027,-2.214998722076416,0.10577306896448135
9.550000190734863,-2.170258045196533,0.10222198814153671
9.5600004196167,-2.1276590824127197,0.09881386160850525
9.569999694824219,-2.086441993713379,0.09546422958374023
9.579999923706055,-2.042856216430664,0.09219761192798615
9.59000015258789,-2.000978946685791,0.08884892612695694
9.600000381469727,-1.9618533849716187,0.0856412798166275
9.609999656677246,-1.9173271656036377,0.08243362605571747
9.619999885559082,-1.87473726272583,0.07922597974538803
9.630000114440918,-1.8335200548171997,0.07607968896627426
9.640000343322754,-1.7923027276992798,0.07307250797748566
9.649999618530273,-1.7541859149932861,0.07006533443927765
9.65999984741211,-1.7147644758224487,0.06705816835165024
9.670000076293945,-1.6771601438522339,0.06405099481344223
9.680000305175781,-1.6386702060699463,0.0611075684428215
9.6899995803833,-1.5989017486572266,0.05830087512731552
9.699999809265137,-1.5614315271377563,0.05549418553709984
9.710000038146973,-1.527495265007019,0.052752669900655746
9.720000267028809,-1.4883638620376587,0.05014645308256149
9.729999542236328,-1.4549479484558105,0.047474101185798645
9.739999771118164,-1.4223700761795044,0.04473402351140976
9.75,-1.39031183719635,0.042127810418605804
9.760000228881836,-1.3575260639190674,0.03952159732580185
9.770000457763672,-1.3273428678512573,0.036915380507707596
9.779999732971191,-1.2956994771957397,0.03437768667936325
9.789999961853027,-1.2607181072235107,0.031971950083971024
9.800000190734863,-1.2271144390106201,0.02963569574058056
9.8100004196167,-1.197340726852417,0.02743043750524521
9.819999694824219,-1.1662251949310303,0.025295617058873177
9.829999923706055,-1.1360479593276978,0.023219920694828033
9.84000015258789,-1.1122246980667114,0.021086055785417557
9.850000381469727,-1.0837877988815308,0.019081275910139084
9.859999656677246,-1.056221842765808,0.01707649417221546
9.869999885559082,-1.0324044227600098,0.015144542790949345
9.880000114440918,-1.0123356580734253,0.013413545675575733
9.890000343322754,-0.9936004281044006,0.011809720657765865
9.899999618530273,-0.9772815704345703,0.01028016023337841
9.90999984741211,-0.9622935652732849,0.008951554074883461
9.920000076293945,-0.9489831328392029,0.007823904976248741
9.930000305175781,-0.9373533129692078,0.006897210609167814
9.9399995803833,-0.9289218187332153,0.006171473767608404
9.949999809265137,-0.922721803188324,0.0056466939859092236
9.960000038146973,-0.9189746975898743,0.005322868935763836
9.970000267028809,-0.9169090986251831,0.005200000014156103
9.979999542236328,-0.9148456454277039,0.005278087221086025
9.989999771118164,-0.9206411242485046,0.0055571310222148895
10,-0.9281352162361145,0.006037130951881409
10.010000228881836,-0.9380620718002319,0.006797609385102987
10.020000457763672,-0.9500522017478943,0.007799999788403511
10.029999732971191,-0.9648525714874268,0.009043823927640915
10.039999961853027,-0.9798407554626465,0.010647649876773357
10.050000190734863,-0.9955801367759705,0.012414343655109406
10.0600004196167,-1.0165700912475586,0.014419124461710453
10.069999694824219,-1.0407410860061646,0.016506295651197433
10.079999923706055,-1.0658503770828247,0.018711553886532784
10.09000015258789,-1.0952785015106201,0.02100015990436077
10.100000381469727,-1.124682068824768,0.023405898362398148
10.109999656677246,-1.154476523399353,0.02589593641459942
10.119999885559082,-1.1861454248428345,0.028586935251951218
10.130000114440918,-1.2195097208023071,0.0313936248421669
10.140000343322754,-1.2568005323410034,0.034371793270111084
10.149999618530273,-1.2959656715393066,0.03757943958044052
10.15999984741211,-1.3336138725280762,0.04078708961606026
10.170000076293945,-1.3727803230285645,0.044081911444664
10.180000305175781,-1.4087300300598145,0.047490037977695465
10.1899995803833,-1.4469605684280396,0.050810035318136215
10.199999809265137,-1.4876545667648315,0.054106295108795166
10.210000038146973,-1.5298091173171997,0.05760350450873375
10.220000267028809,-1.5753639936447144,0.06112254783511162
10.229999542236328,-1.618971347808838,0.06453067809343338
10.239999771118164,-1.6618901491165161,0.06802932918071747
10.25,-1.703278660774231,0.07154693454504013
10.260000228881836,-1.7469661235809326,0.07495506852865219
10.270000457763672,-1.7909945249557495,0.07836318761110306
10.279999732971191,-1.8368946313858032,0.08186374604701996
10.289999961853027,-1.8818589448928833,0.08547235280275345
10.300000190734863,-1.9260532855987549,0.08908095955848694
10.3100004196167,-1.9657305479049683,0.09259569644927979
10.319999694824219,-2.0075533390045166,0.0960981696844101
10.329999923706055,-2.0490994453430176,0.09961195290088654
10.34000015258789,-2.089216470718384,0.10292477905750275
10.350000381469727,-2.129497766494751,0.10622820258140564
10.359999656677246,-2.1708762645721436,0.1096363365650177
10.369999885559082,-2.2085084915161133,0.1129477247595787
10.380000114440918,-2.250178813934326,0.11615537852048874
10.390000343322754,-2.2907800674438477,0.11946071684360504
10.399999618530273,-2.3284106254577637,0.12277067452669144
10.40999984741211,-2.366658926010132,0.12597832083702087
10.420000076293945,-2.404444694519043,0.1291859745979309
10.430000305175781,-2.43910551071167,0.13239362835884094
10.4399995803833,-2.4756381511688232,0.1355011910200119
10.449999809265137,-2.51029896736145,0.1385083645582199
10.460000038146973,-2.5476133823394775,0.14151553809642792
10.470000267028809,-2.585866689682007,0.14442119002342224
10.479999542236328,-2.623491048812866,0.1473298817873001
10.489999771118164,-2.6626815795898438,0.15023456513881683
10.5,-2.6987342834472656,0.153041273355484
10.510000228881836,-2.7349648475646973,0.15584798157215118
10.520000457763672,-2.7699263095855713,0.15875856578350067
10.529999732971191,-2.802713394165039,0.16166135668754578
10.539999961853027,-2.8364365100860596,0.16446805000305176
10.550000190734863,-2.868582248687744,0.16727474331855774
10.5600004196167,-2.901073455810547,0.17008143663406372
10.569999694824219,-2.9373130798339844,0.1727818250656128
10.579999923706055,-2.9713294506073,0.17538805305957794
10.59000015258789,-3.0067801475524902,0.1781015247106552
10.600000381469727,-3.0433127880096436,0.18080046772956848
10.609999656677246,-3.075451612472534,0.18340668082237244
10.619999885559082,-3.1090312004089355,0.1860128939151764
10.630000114440918,-3.1419594287872314,0.18861910700798035
10.640000343322754,-3.173809289932251,0.1912253350019455
10.649999618530273,-3.2047228813171387,0.19383156299591064
10.65999984741211,-3.236572504043579,0.19632717967033386
10.670000076293945,-3.270155906677246,0.19884398579597473
10.680000305175781,-3.3022823333740234,0.20133864879608154
10.6899995803833,-3.3338570594787598,0.20363235473632812
10.699999809265137,-3.367579936981201,0.20595011115074158
10.710000038146973,-3.399566650390625,0.2083558589220047
10.720000267028809,-3.4314162731170654,0.21064811944961548
10.729999542236328,-3.4642019271850586,0.21285338699817657
10.739999771118164,-3.4943127632141113,0.21505865454673767
10.75,-3.522681713104248,0.21726392209529877
10.760000228881836,-3.547170400619507,0.21946917474269867
10.770000457763672,-3.5731360912323,0.22167442739009857
10.779999732971191,-3.600433111190796,0.22387968003749847
10.789999961853027,-3.6258559226989746,0.22608493268489838
10.800000190734863,-3.6527621746063232,0.2281729131937027
10.8100004196167,-3.680056571960449,0.23017768561840057
10.819999694824219,-3.7036051750183105,0.23218247294425964
10.829999923706055,-3.731451988220215,0.23418724536895752
10.84000015258789,-3.7586185932159424,0.2361920326948166
10.850000381469727,-3.7859103679656982,0.23819682002067566
10.859999656677246,-3.814699411392212,0.24032175540924072
10.869999885559082,-3.8430497646331787,0.24240636825561523
10.880000114440918,-3.8691565990448,0.2444111406803131
10.890000343322754,-3.8956310749053955,0.24641594290733337
10.899999618530273,-3.9199867248535156,0.24842071533203125
10.90999984741211,-3.9443421363830566,0.2503029406070709
10.920000076293945,-3.9686977863311768,0.2522302567958832
10.930000305175781,-3.990483283996582,0.25411155819892883
10.9399995803833,-4.012845516204834,0.2559158504009247
10.949999809265137,-4.033573150634766,0.2575957179069519
10.960000038146973,-4.051607131958008,0.2590745687484741
10.970000267028809,-4.066712379455566,0.2603524923324585
10.979999542236328,-4.082636833190918,0.26155540347099304
10.989999771118164,-4.09586763381958,0.26250553131103516
11,-4.105464935302734,0.2633074223995209
11.010000228881836,-4.115655422210693,0.26398199796676636
11.020000457763672,-4.124425411224365,0.2644556164741516
11.029999732971191,-4.1300458908081055,0.26472827792167664
11.039999961853027,-4.133904457092285,0.26492875814437866
11.050000190734863,-4.135063648223877,0.2648707628250122
11.0600004196167,-4.130711078643799,0.2646702826023102
11.069999694824219,-4.125198841094971,0.26420941948890686
11.079999923706055,-4.114175796508789,0.26347726583480835
11.09000015258789,-4.102106094360352,0.26241305470466614
11.100000381469727,-4.088160991668701,0.2610785663127899
11.109999656677246,-4.069640159606934,0.2594110071659088
11.119999885559082,-4.053503513336182,0.25760671496391296
11.130000114440918,-4.035915374755859,0.25566935539245605
11.140000343322754,-4.014578819274902,0.25353100895881653
11.149999618530273,-3.991262912750244,0.2513257563114166
11.15999984741211,-3.9633665084838867,0.24898599088191986
11.170000076293945,-3.9326579570770264,0.24644525349140167
11.180000305175781,-3.9008078575134277,0.24383904039859772
11.1899995803833,-3.8689584732055664,0.24123282730579376
11.199999809265137,-3.8388819694519043,0.23849020898342133
11.210000038146973,-3.8062937259674072,0.23554660379886627
11.220000267028809,-3.769118070602417,0.23253944516181946
11.229999542236328,-3.7288382053375244,0.22939442098140717
11.239999771118164,-3.6904306411743164,0.22618678212165833
11.25,-3.6493096351623535,0.2229791283607483
11.260000228881836,-3.6107118129730225,0.21977147459983826
11.270000457763672,-3.573241710662842,0.21656383574008942
11.279999732971191,-3.534928321838379,0.21321594715118408
11.289999961853027,-3.4964284896850586,0.20980781316757202
11.300000190734863,-3.458113431930542,0.20639967918395996
11.3100004196167,-3.4178335666656494,0.2029915452003479
11.319999694824219,-3.3750150203704834,0.19958341121673584
11.329999923706055,-3.3326809406280518,0.19631792604923248
11.34000015258789,-3.288832187652588,0.19296717643737793
11.350000381469727,-3.245652437210083,0.18955904245376587
11.359999656677246,-3.20247483253479,0.18629497289657593
11.369999885559082,-3.162193536758423,0.1830873340368271
11.380000114440918,-3.119189500808716,0.17973466217517853
11.390000343322754,-3.079674005508423,0.1764720380306244
11.399999618530273,-3.042970657348633,0.17326439917087555
11.40999984741211,-3.003795623779297,0.17005673050880432
11.420000076293945,-2.964452028274536,0.16684909164905548
11.430000305175781,-2.926044464111328,0.16378885507583618
11.4399995803833,-2.885845422744751,0.16078166663646698
11.449999809265137,-2.8463399410247803,0.15777450799942017
11.460000038146973,-2.807077169418335,0.15476733446121216
11.470000267028809,-2.769526958465576,0.15176016092300415
11.479999542236328,-2.7338509559631348,0.1489027887582779
11.489999771118164,-2.698254346847534,0.1460960954427719
11.5,-2.6635172367095947,0.14328941702842712
11.510000228881836,-2.629794120788574,0.14048270881175995
11.520000457763672,-2.594273567199707,0.13782772421836853
11.529999732971191,-2.562272548675537,0.1350693255662918
11.539999961853027,-2.530423164367676,0.13226263225078583
11.550000190734863,-2.4967739582061768,0.1296090930700302
11.5600004196167,-2.4639151096343994,0.12700286507606506
11.569999694824219,-2.4312002658843994,0.12439665198326111
11.579999923706055,-2.3992786407470703,0.12179043889045715
11.59000015258789,-2.3700978755950928,0.11933927983045578
11.600000381469727,-2.3401920795440674,0.11693354696035385
11.609999656677246,-2.310215711593628,0.11452780663967133
11.619999885559082,-2.2802395820617676,0.1121220663189888
11.630000114440918,-2.249393939971924,0.10971633344888687
11.640000343322754,-2.2202208042144775,0.10731060057878494
11.649999618530273,-2.1938600540161133,0.10490486025810242
11.65999984741211,-2.1668245792388916,0.10265752673149109
11.670000076293945,-2.1387221813201904,0.10029338300228119
11.680000305175781,-2.111555576324463,0.09804701060056686
11.6899995803833,-2.0852630138397217,0.09584175050258636
11.699999809265137,-2.0536012649536133,0.09363649040460587
11.710000038146973,-2.0244386196136475,0.09143123775720596
11.720000267028809,-1.995460033416748,0.08922597020864487
11.729999542236328,-1.9654837846755981,0.08702071011066437
11.739999771118164,-1.9381988048553467,0.08481545746326447
11.75,-1.9092768430709839,0.08261020481586456
11.760000228881836,-1.8828741312026978,0.08040493726730347
11.770000457763672,-1.8567585945129395,0.0783633440732956
11.779999732971191,-1.82953679561615,0.07635856419801712
11.789999961853027,-1.8060061931610107,0.07435378432273865
11.800000190734863,-1.780823826789856,0.07234900444746017
11.8100004196167,-1.7509568929672241,0.07050979882478714
11.819999694824219,-1.7264397144317627,0.0687054917216301
11.829999923706055,-1.7020840644836426,0.06690119951963425
11.84000015258789,-1.6786136627197266,0.0650968924164772
11.850000381469727,-1.6551953554153442,0.06346007436513901
11.859999656677246,-1.6336493492126465,0.06168828904628754
11.869999885559082,-1.6111671924591064,0.05988398939371109
11.880000114440918,-1.5868607759475708,0.0582486055791378
11.890000343322754,-1.5652190446853638,0.056644782423973083
11.899999618530273,-1.5446103811264038,0.05504095181822777
11.90999984741211,-1.525828242301941,0.05360748991370201
11.920000076293945,-1.5052659511566162,0.05220414325594902
11.930000305175781,-1.489205002784729,0.05080079659819603
11.9399995803833,-1.4742169380187988,0.04956924170255661
11.949999809265137,-1.4592288732528687,0.04819410294294357
11.960000038146973,-1.4424105882644653,0.04679075628519058
11.970000267028809,-1.4264849424362183,0.04556063935160637
11.979999542236328,-1.410519003868103,0.044357769191265106
11.989999771118164,-1.3955309391021729,0.04315489903092384
12,-1.3841702938079834,0.042126692831516266
12.010000228881836,-1.373904824256897,0.041299447417259216
12.020000457763672,-1.3617650270462036,0.04049753397703171
12.029999732971191,-1.3468151092529297,0.0396956168115139
12.039999961853027,-1.3318270444869995,0.03889370337128639
12.050000190734863,-1.317739725112915,0.038091789931058884
12.0600004196167,-1.3055611848831177,0.037289880216121674
12.069999694824219,-1.2933489084243774,0.036487966775894165
12.079999923706055,-1.2866891622543335,0.035864539444446564
12.09000015258789,-1.279228925704956,0.03526310250163078
12.100000381469727,-1.2707988023757935,0.0346616692841053
12.109999656677246,-1.2678929567337036,0.03406023979187012
12.119999885559082,-1.2614589929580688,0.03363920375704765
12.130000114440918,-1.2529982328414917,0.03305736929178238
12.140000343322754,-1.246411919593811,0.03263729065656662
12.149999618530273,-1.2407913208007812,0.03241816908121109
12.15999984741211,-1.2333256006240845,0.032035376876592636
12.170000076293945,-1.2295231819152832,0.03163442388176918
12.180000305175781,-1.225776195526123,0.03141673654317856
12.1899995803833,-1.222029209136963,0.031216256320476532
12.199999809265137,-1.216434121131897,0.031015776097774506
12.210000038146973,-1.2135751247406006,0.03099999949336052
12.220000267028809,-1.2135512828826904,0.03099999949336052
12.229999542236328,-1.2107865810394287,0.03099999949336052
12.239999771118164,-1.2079546451568604,0.03099999949336052
12.25,-1.2088488340377808,0.03099999949336052
12.260000228881836,-1.2088892459869385,0.03099999949336052
12.270000457763672,-1.207932949066162,0.03099999949336052
12.279999732971191,-1.207932949066162,0.03099999949336052
12.289999961853027,-1.207932949066162,0.03099999949336052
12.300000190734863,-1.20515775680542,0.03099999949336052
12.3100004196167,-1.2032670974731445,0.03099999949336052
12.319999694824219,-1.2023147344589233,0.03099999949336052
12.329999923706055,-1.2023147344589233,0.03099999949336052
12.34000015258789,-1.2023147344589233,0.03099999949336052
12.350000381469727,-1.2023147344589233,0.03099999949336052
12.359999656677246,-1.2023147344589233,0.03099999949336052
12.369999885559082,-1.2013899087905884,0.03099999949336052
12.380000114440918,-1.1985805034637451,0.03099999949336052
12.390000343322754,-1.1985690593719482,0.03099999949336052
12.399999618530273,-1.1985690593719482,0.03099999949336052
12.40999984741211,-1.1985690593719482,0.03099999949336052
12.420000076293945,-1.201362133026123,0.03099999949336052
12.430000305175781,-1.2023147344589233,0.03099999949336052
12.4399995803833,-1.2023147344589233,0.03099999949336052
12.449999809265137,-1.200447916984558,0.03099999949336052
12.460000038146973,-1.200441837310791,0.03099999949336052
12.470000267028809,-1.200441837310791,0.03099999949336052
12.479999542236328,-1.200441837310791,0.03099999949336052
12.489999771118164,-1.2004419565200806,0.03099999949336052
12.5,-1.2004419565200806,0.03099999949336052
12.510000228881836,-1.2000577449798584,0.03100000135600567
12.520000457763672,-1.1992250680923462,0.03100000135600567
